,dimension,isotopeCode,series_Step_X,additional_series_Step_X,seriesUnit,experiment,ppmPosition,height,lineWidth,volume,nmrChainName,nmrResidueCode,nmrResidueType,nmrAtomName,collectionId,collectionPid,spectrumPid,peakPid,nmrAtomPid,nmrResiduePid,ROW_UID,series_Step_Y,seriesQuantity,signalToNoiseRatio
1,1.0,1H,0.0,30.0,µM,Titration,8.656400557206627,24389.626953125,27.408055477560787,,A,56,VAL,H,355.0,"CO:A.56.VAL.N,H_5",SP:12-1,PK:12-1.1.104,NA:A.56.VAL.H,NR:A.56.VAL,1.0,24389.626953125,Concentration,
2,2.0,15N,0.0,30.0,µM,Titration,133.4577577233626,24389.626953125,15.466237661489217,,A,56,VAL,N,355.0,"CO:A.56.VAL.N,H_5",SP:12-1,PK:12-1.1.104,NA:A.56.VAL.N,NR:A.56.VAL,2.0,24389.626953125,Concentration,
3,1.0,1H,0.0,30.0,µM,Titration,8.454860478255409,39829.80078125,19.696782916211216,,A,74,ALA,H,356.0,"CO:A.74.ALA.N,H_5",SP:12-1,PK:12-1.1.105,NA:A.74.ALA.H,NR:A.74.ALA,3.0,39829.80078125,Concentration,
4,2.0,15N,0.0,30.0,µM,Titration,131.33555296759818,39829.80078125,16.285018489003086,,A,74,ALA,N,356.0,"CO:A.74.ALA.N,H_5",SP:12-1,PK:12-1.1.105,NA:A.74.ALA.N,NR:A.74.ALA,4.0,39829.80078125,Concentration,
5,1.0,1H,0.0,30.0,µM,Titration,9.220233263361767,31004.9140625,17.960170785395047,,A,16,VAL,H,357.0,"CO:A.16.VAL.N,H_5",SP:12-1,PK:12-1.1.107,NA:A.16.VAL.H,NR:A.16.VAL,5.0,31004.9140625,Concentration,
6,2.0,15N,0.0,30.0,µM,Titration,128.47629192948332,31004.9140625,15.085879345323733,,A,16,VAL,N,357.0,"CO:A.16.VAL.N,H_5",SP:12-1,PK:12-1.1.107,NA:A.16.VAL.N,NR:A.16.VAL,6.0,31004.9140625,Concentration,
7,1.0,1H,0.0,30.0,µM,Titration,9.179836486529808,33077.3515625,18.791134397570953,,A,100,LEU,H,358.0,"CO:A.100.LEU.N,H_5",SP:12-1,PK:12-1.1.108,NA:A.100.LEU.H,NR:A.100.LEU,7.0,33077.3515625,Concentration,
8,2.0,15N,0.0,30.0,µM,Titration,128.1325947535876,33077.3515625,20.03582597465755,,A,100,LEU,N,358.0,"CO:A.100.LEU.N,H_5",SP:12-1,PK:12-1.1.108,NA:A.100.LEU.N,NR:A.100.LEU,8.0,33077.3515625,Concentration,
9,1.0,1H,0.0,30.0,µM,Titration,8.510481319331301,32543.07421875,19.789715924371947,,A,75,LEU,H,359.0,"CO:A.75.LEU.N,H_5",SP:12-1,PK:12-1.1.109,NA:A.75.LEU.H,NR:A.75.LEU,9.0,32543.07421875,Concentration,
10,2.0,15N,0.0,30.0,µM,Titration,127.51319575428562,32543.07421875,19.962402185037934,,A,75,LEU,N,359.0,"CO:A.75.LEU.N,H_5",SP:12-1,PK:12-1.1.109,NA:A.75.LEU.N,NR:A.75.LEU,10.0,32543.07421875,Concentration,
11,1.0,1H,0.0,30.0,µM,Titration,7.106404928613143,20357.74609375,21.063872666742995,,A,79,ASP,H,360.0,"CO:A.79.ASP.N,H_5",SP:12-1,PK:12-1.1.110,NA:A.79.ASP.H,NR:A.79.ASP,11.0,20357.74609375,Concentration,
12,2.0,15N,0.0,30.0,µM,Titration,127.61837161775551,20357.74609375,19.05257099589312,,A,79,ASP,N,360.0,"CO:A.79.ASP.N,H_5",SP:12-1,PK:12-1.1.110,NA:A.79.ASP.N,NR:A.79.ASP,12.0,20357.74609375,Concentration,
13,1.0,1H,0.0,30.0,µM,Titration,8.71809705995982,23310.181640625,17.114949654429623,,A,77,GLU,H,361.0,"CO:A.77.GLU.N,H_5",SP:12-1,PK:12-1.1.111,NA:A.77.GLU.H,NR:A.77.GLU,13.0,23310.181640625,Concentration,
14,2.0,15N,0.0,30.0,µM,Titration,127.13062408947272,23310.181640625,15.697124399251809,,A,77,GLU,N,361.0,"CO:A.77.GLU.N,H_5",SP:12-1,PK:12-1.1.111,NA:A.77.GLU.N,NR:A.77.GLU,14.0,23310.181640625,Concentration,
15,1.0,1H,0.0,30.0,µM,Titration,8.861376143197903,16193.58984375,28.018956072628573,,A,30,ALA,H,362.0,"CO:A.30.ALA.N,H_5",SP:12-1,PK:12-1.1.112,NA:A.30.ALA.H,NR:A.30.ALA,15.0,16193.58984375,Concentration,
16,2.0,15N,0.0,30.0,µM,Titration,126.41123026398232,16193.58984375,19.23589172544396,,A,30,ALA,N,362.0,"CO:A.30.ALA.N,H_5",SP:12-1,PK:12-1.1.112,NA:A.30.ALA.N,NR:A.30.ALA,16.0,16193.58984375,Concentration,
17,1.0,1H,0.0,30.0,µM,Titration,8.580772497539364,23180.54296875,15.712358827631101,,A,78,ARG,H,363.0,"CO:A.78.ARG.N,H_5",SP:12-1,PK:12-1.1.113,NA:A.78.ARG.H,NR:A.78.ARG,17.0,23180.54296875,Concentration,
18,2.0,15N,0.0,30.0,µM,Titration,125.03943079765651,23180.54296875,15.562379413817936,,A,78,ARG,N,363.0,"CO:A.78.ARG.N,H_5",SP:12-1,PK:12-1.1.113,NA:A.78.ARG.N,NR:A.78.ARG,18.0,23180.54296875,Concentration,
19,1.0,1H,0.0,30.0,µM,Titration,7.848807676142001,64537.05078125,15.789453755132895,,A,96,ALA,H,364.0,"CO:A.96.ALA.N,H_5",SP:12-1,PK:12-1.1.114,NA:A.96.ALA.H,NR:A.96.ALA,19.0,64537.05078125,Concentration,
20,2.0,15N,0.0,30.0,µM,Titration,124.70640395421356,64537.05078125,14.805205618421214,,A,96,ALA,N,364.0,"CO:A.96.ALA.N,H_5",SP:12-1,PK:12-1.1.114,NA:A.96.ALA.N,NR:A.96.ALA,20.0,64537.05078125,Concentration,
21,1.0,1H,0.0,30.0,µM,Titration,9.308880146224537,32925.42578125,17.456133858873912,,A,55,TYR,H,365.0,"CO:A.55.TYR.N,H_5",SP:12-1,PK:12-1.1.116,NA:A.55.TYR.H,NR:A.55.TYR,21.0,32925.42578125,Concentration,
22,2.0,15N,0.0,30.0,µM,Titration,124.25526882050106,32925.42578125,15.245416523189572,,A,55,TYR,N,365.0,"CO:A.55.TYR.N,H_5",SP:12-1,PK:12-1.1.116,NA:A.55.TYR.N,NR:A.55.TYR,22.0,32925.42578125,Concentration,
23,1.0,1H,0.0,30.0,µM,Titration,8.71161870935589,23773.162109375,22.242463623675075,,A,101,ILE,H,366.0,"CO:A.101.ILE.N,H_5",SP:12-1,PK:12-1.1.118,NA:A.101.ILE.H,NR:A.101.ILE,23.0,23773.162109375,Concentration,
24,2.0,15N,0.0,30.0,µM,Titration,124.15039891018915,23773.162109375,20.542595121985002,,A,101,ILE,N,366.0,"CO:A.101.ILE.N,H_5",SP:12-1,PK:12-1.1.118,NA:A.101.ILE.N,NR:A.101.ILE,24.0,23773.162109375,Concentration,
25,1.0,1H,0.0,30.0,µM,Titration,8.11778024771423,65433.75,14.29167213455706,,A,70,LYS,H,367.0,"CO:A.70.LYS.N,H_5",SP:12-1,PK:12-1.1.119,NA:A.70.LYS.H,NR:A.70.LYS,25.0,65433.75,Concentration,
26,2.0,15N,0.0,30.0,µM,Titration,123.91646286185203,65433.75,17.124413480230483,,A,70,LYS,N,367.0,"CO:A.70.LYS.N,H_5",SP:12-1,PK:12-1.1.119,NA:A.70.LYS.N,NR:A.70.LYS,26.0,65433.75,Concentration,
27,1.0,1H,0.0,30.0,µM,Titration,9.092637624829571,31265.5078125,19.999153804607168,,A,76,ILE,H,368.0,"CO:A.76.ILE.N,H_5",SP:12-1,PK:12-1.1.120,NA:A.76.ILE.H,NR:A.76.ILE,27.0,31265.5078125,Concentration,
28,2.0,15N,0.0,30.0,µM,Titration,123.78430838309856,31265.5078125,15.125087105782116,,A,76,ILE,N,368.0,"CO:A.76.ILE.N,H_5",SP:12-1,PK:12-1.1.120,NA:A.76.ILE.N,NR:A.76.ILE,28.0,31265.5078125,Concentration,
29,1.0,1H,0.0,30.0,µM,Titration,8.178420617002164,55594.58984375,16.427786949162343,,A,68,ASP,H,369.0,"CO:A.68.ASP.N,H_5",SP:12-1,PK:12-1.1.121,NA:A.68.ASP.H,NR:A.68.ASP,29.0,55594.58984375,Concentration,
30,2.0,15N,0.0,30.0,µM,Titration,123.78216037298009,55594.58984375,16.459994112699537,,A,68,ASP,N,369.0,"CO:A.68.ASP.N,H_5",SP:12-1,PK:12-1.1.121,NA:A.68.ASP.N,NR:A.68.ASP,30.0,55594.58984375,Concentration,
31,1.0,1H,0.0,30.0,µM,Titration,8.070387317697367,54463.21484375,16.557543019119407,,A,57,LYS,H,370.0,"CO:A.57.LYS.N,H_5",SP:12-1,PK:12-1.1.122,NA:A.57.LYS.H,NR:A.57.LYS,31.0,54463.21484375,Concentration,
32,2.0,15N,0.0,30.0,µM,Titration,123.81092457929294,54463.21484375,15.561185691326955,,A,57,LYS,N,370.0,"CO:A.57.LYS.N,H_5",SP:12-1,PK:12-1.1.122,NA:A.57.LYS.N,NR:A.57.LYS,32.0,54463.21484375,Concentration,
33,1.0,1H,0.0,30.0,µM,Titration,8.712650017896209,33812.65234375,21.087119911009356,,A,54,ALA,H,371.0,"CO:A.54.ALA.N,H_5",SP:12-1,PK:12-1.1.123,NA:A.54.ALA.H,NR:A.54.ALA,33.0,33812.65234375,Concentration,
34,2.0,15N,0.0,30.0,µM,Titration,123.35324515938797,33812.65234375,14.291388032605722,,A,54,ALA,N,371.0,"CO:A.54.ALA.N,H_5",SP:12-1,PK:12-1.1.123,NA:A.54.ALA.N,NR:A.54.ALA,34.0,33812.65234375,Concentration,
35,1.0,1H,0.0,30.0,µM,Titration,7.279695794543082,39147.72265625,15.22382752647484,,A,138,LEU,H,372.0,"CO:A.138.LEU.N,H_5",SP:12-1,PK:12-1.1.124,NA:A.138.LEU.H,NR:A.138.LEU,35.0,39147.72265625,Concentration,
36,2.0,15N,0.0,30.0,µM,Titration,123.22332166110088,39147.72265625,17.023930520604285,,A,138,LEU,N,372.0,"CO:A.138.LEU.N,H_5",SP:12-1,PK:12-1.1.124,NA:A.138.LEU.N,NR:A.138.LEU,36.0,39147.72265625,Concentration,
37,1.0,1H,0.0,30.0,µM,Titration,8.97291447126764,19078.099609375,22.150235823713874,,A,102,PHE,H,373.0,"CO:A.102.PHE.N,H_5",SP:12-1,PK:12-1.1.125,NA:A.102.PHE.H,NR:A.102.PHE,37.0,19078.099609375,Concentration,
38,2.0,15N,0.0,30.0,µM,Titration,122.90502551151224,19078.099609375,15.430255142072982,,A,102,PHE,N,373.0,"CO:A.102.PHE.N,H_5",SP:12-1,PK:12-1.1.125,NA:A.102.PHE.N,NR:A.102.PHE,38.0,19078.099609375,Concentration,
39,1.0,1H,0.0,30.0,µM,Titration,7.911746379946884,37317.1796875,16.118657255831863,,A,93,LYS,H,374.0,"CO:A.93.LYS.N,H_5",SP:12-1,PK:12-1.1.126,NA:A.93.LYS.H,NR:A.93.LYS,39.0,37317.1796875,Concentration,
40,2.0,15N,0.0,30.0,µM,Titration,122.539884533959,37317.1796875,19.751279768187953,,A,93,LYS,N,374.0,"CO:A.93.LYS.N,H_5",SP:12-1,PK:12-1.1.126,NA:A.93.LYS.N,NR:A.93.LYS,40.0,37317.1796875,Concentration,
41,1.0,1H,0.0,30.0,µM,Titration,6.875378209612978,47642.125,15.63391057201307,,A,134,ALA,H,375.0,"CO:A.134.ALA.N,H_5",SP:12-1,PK:12-1.1.127,NA:A.134.ALA.H,NR:A.134.ALA,41.0,47642.125,Concentration,
42,2.0,15N,0.0,30.0,µM,Titration,121.9873538732539,47642.125,15.43234032337833,,A,134,ALA,N,375.0,"CO:A.134.ALA.N,H_5",SP:12-1,PK:12-1.1.127,NA:A.134.ALA.N,NR:A.134.ALA,42.0,47642.125,Concentration,
43,1.0,1H,0.0,30.0,µM,Titration,8.582773649060664,29854.72265625,20.24534534519687,,A,88,ILE,H,376.0,"CO:A.88.ILE.N,H_5",SP:12-1,PK:12-1.1.128,NA:A.88.ILE.H,NR:A.88.ILE,43.0,29854.72265625,Concentration,
44,2.0,15N,0.0,30.0,µM,Titration,121.78714757607969,29854.72265625,20.406285155413872,,A,88,ILE,N,376.0,"CO:A.88.ILE.N,H_5",SP:12-1,PK:12-1.1.128,NA:A.88.ILE.N,NR:A.88.ILE,44.0,29854.72265625,Concentration,
45,1.0,1H,0.0,30.0,µM,Titration,7.882188606939945,20567.875,19.644268412286323,,A,131,PHE,H,377.0,"CO:A.131.PHE.N,H_5",SP:12-1,PK:12-1.1.129,NA:A.131.PHE.H,NR:A.131.PHE,45.0,20567.875,Concentration,
46,2.0,15N,0.0,30.0,µM,Titration,121.2615235077867,20567.875,17.280000422293597,,A,131,PHE,N,377.0,"CO:A.131.PHE.N,H_5",SP:12-1,PK:12-1.1.129,NA:A.131.PHE.N,NR:A.131.PHE,46.0,20567.875,Concentration,
47,1.0,1H,0.0,30.0,µM,Titration,8.445261586846568,31398.662109375,16.481140986658104,,A,89,ALA,H,378.0,"CO:A.89.ALA.N,H_5",SP:12-1,PK:12-1.1.130,NA:A.89.ALA.H,NR:A.89.ALA,47.0,31398.662109375,Concentration,
48,2.0,15N,0.0,30.0,µM,Titration,121.06560516428785,31398.662109375,15.403529995332223,,A,89,ALA,N,378.0,"CO:A.89.ALA.N,H_5",SP:12-1,PK:12-1.1.130,NA:A.89.ALA.N,NR:A.89.ALA,48.0,31398.662109375,Concentration,
49,1.0,1H,0.0,30.0,µM,Titration,7.671237136373525,43317.625,16.525986631257645,,A,64,TYR,H,379.0,"CO:A.64.TYR.N,H_5",SP:12-1,PK:12-1.1.131,NA:A.64.TYR.H,NR:A.64.TYR,49.0,43317.625,Concentration,
50,2.0,15N,0.0,30.0,µM,Titration,121.08259103829336,43317.625,16.31543431904165,,A,64,TYR,N,379.0,"CO:A.64.TYR.N,H_5",SP:12-1,PK:12-1.1.131,NA:A.64.TYR.N,NR:A.64.TYR,50.0,43317.625,Concentration,
51,1.0,1H,0.0,30.0,µM,Titration,6.805090969974738,76989.3203125,16.425496701581018,,A,25,LEU,H,380.0,"CO:A.25.LEU.N,H_5",SP:12-1,PK:12-1.1.132,NA:A.25.LEU.H,NR:A.25.LEU,51.0,76989.3203125,Concentration,
52,2.0,15N,0.0,30.0,µM,Titration,121.05150942406834,76989.3203125,16.91747785336493,,A,25,LEU,N,380.0,"CO:A.25.LEU.N,H_5",SP:12-1,PK:12-1.1.132,NA:A.25.LEU.N,NR:A.25.LEU,52.0,76989.3203125,Concentration,
53,1.0,1H,0.0,30.0,µM,Titration,8.157405840640006,53173.6328125,14.652972682737426,,A,62,ALA,H,381.0,"CO:A.62.ALA.N,H_5",SP:12-1,PK:12-1.1.133,NA:A.62.ALA.H,NR:A.62.ALA,53.0,53173.6328125,Concentration,
54,2.0,15N,0.0,30.0,µM,Titration,120.62305630921952,53173.6328125,15.006177013464853,,A,62,ALA,N,381.0,"CO:A.62.ALA.N,H_5",SP:12-1,PK:12-1.1.133,NA:A.62.ALA.N,NR:A.62.ALA,54.0,53173.6328125,Concentration,
55,1.0,1H,0.0,30.0,µM,Titration,9.307042236487293,19416.5625,17.634842571659203,,A,129,HIS,H,382.0,"CO:A.129.HIS.N,H_5",SP:12-1,PK:12-1.1.134,NA:A.129.HIS.H,NR:A.129.HIS,55.0,19416.5625,Concentration,
56,2.0,15N,0.0,30.0,µM,Titration,120.47228535865065,19416.5625,14.523861654670545,,A,129,HIS,N,382.0,"CO:A.129.HIS.N,H_5",SP:12-1,PK:12-1.1.134,NA:A.129.HIS.N,NR:A.129.HIS,56.0,19416.5625,Concentration,
57,1.0,1H,0.0,30.0,µM,Titration,7.542507249407938,36975.6015625,16.952073425412795,,A,22,ARG,H,383.0,"CO:A.22.ARG.N,H_5",SP:12-1,PK:12-1.1.137,NA:A.22.ARG.H,NR:A.22.ARG,57.0,36975.6015625,Concentration,
58,2.0,15N,0.0,30.0,µM,Titration,120.33221873532989,36975.6015625,15.427729707151695,,A,22,ARG,N,383.0,"CO:A.22.ARG.N,H_5",SP:12-1,PK:12-1.1.137,NA:A.22.ARG.N,NR:A.22.ARG,58.0,36975.6015625,Concentration,
59,1.0,1H,0.0,30.0,µM,Titration,8.533169868517142,19597.037109375,21.07836413555426,,A,99,VAL,H,384.0,"CO:A.99.VAL.N,H_5",SP:12-1,PK:12-1.1.138,NA:A.99.VAL.H,NR:A.99.VAL,59.0,19597.037109375,Concentration,
60,2.0,15N,0.0,30.0,µM,Titration,120.13451998644848,19597.037109375,18.320045927197796,,A,99,VAL,N,384.0,"CO:A.99.VAL.N,H_5",SP:12-1,PK:12-1.1.138,NA:A.99.VAL.N,NR:A.99.VAL,60.0,19597.037109375,Concentration,
61,1.0,1H,0.0,30.0,µM,Titration,9.081791579319114,25646.70703125,21.993075139247512,,A,59,SER,H,385.0,"CO:A.59.SER.N,H_5",SP:12-1,PK:12-1.1.139,NA:A.59.SER.H,NR:A.59.SER,61.0,25646.70703125,Concentration,
62,2.0,15N,0.0,30.0,µM,Titration,120.02532870384887,25646.70703125,15.295262650874925,,A,59,SER,N,385.0,"CO:A.59.SER.N,H_5",SP:12-1,PK:12-1.1.139,NA:A.59.SER.N,NR:A.59.SER,62.0,25646.70703125,Concentration,
63,1.0,1H,0.0,30.0,µM,Titration,8.277901729665924,35819.2109375,18.057813017199294,,A,133,LYS,H,386.0,"CO:A.133.LYS.N,H_5",SP:12-1,PK:12-1.1.141,NA:A.133.LYS.H,NR:A.133.LYS,63.0,35819.2109375,Concentration,
64,2.0,15N,0.0,30.0,µM,Titration,119.98282138129518,35819.2109375,17.407332281542647,,A,133,LYS,N,386.0,"CO:A.133.LYS.N,H_5",SP:12-1,PK:12-1.1.141,NA:A.133.LYS.N,NR:A.133.LYS,64.0,35819.2109375,Concentration,
65,1.0,1H,0.0,30.0,µM,Titration,7.803262890176391,46943.05859375,20.365600133887902,,A,82,LYS,H,387.0,"CO:A.82.LYS.N,H_5",SP:12-1,PK:12-1.1.142,NA:A.82.LYS.H,NR:A.82.LYS,65.0,46943.05859375,Concentration,
66,2.0,15N,0.0,30.0,µM,Titration,120.0498637271495,46943.05859375,16.122871549030815,,A,82,LYS,N,387.0,"CO:A.82.LYS.N,H_5",SP:12-1,PK:12-1.1.142,NA:A.82.LYS.N,NR:A.82.LYS,66.0,46943.05859375,Concentration,
67,1.0,1H,0.0,30.0,µM,Titration,7.312303333448737,44413.1875,18.799272276317893,,A,67,GLN,H,388.0,"CO:A.67.GLN.N,H_5",SP:12-1,PK:12-1.1.143,NA:A.67.GLN.H,NR:A.67.GLN,67.0,44413.1875,Concentration,
68,2.0,15N,0.0,30.0,µM,Titration,120.09243558219603,44413.1875,19.599245519483322,,A,67,GLN,N,388.0,"CO:A.67.GLN.N,H_5",SP:12-1,PK:12-1.1.143,NA:A.67.GLN.N,NR:A.67.GLN,68.0,44413.1875,Concentration,
69,1.0,1H,0.0,30.0,µM,Titration,7.9312239205725135,35464.0546875,15.65063184198856,,A,87,MET,H,389.0,"CO:A.87.MET.N,H_5",SP:12-1,PK:12-1.1.144,NA:A.87.MET.H,NR:A.87.MET,69.0,35464.0546875,Concentration,
70,2.0,15N,0.0,30.0,µM,Titration,119.82156735773933,35464.0546875,18.72735499270325,,A,87,MET,N,389.0,"CO:A.87.MET.N,H_5",SP:12-1,PK:12-1.1.144,NA:A.87.MET.N,NR:A.87.MET,70.0,35464.0546875,Concentration,
71,1.0,1H,0.0,30.0,µM,Titration,8.860201375235587,39270.08203125,22.06773541939379,,A,69,VAL,H,390.0,"CO:A.69.VAL.N,H_5",SP:12-1,PK:12-1.1.145,NA:A.69.VAL.H,NR:A.69.VAL,71.0,39270.08203125,Concentration,
72,2.0,15N,0.0,30.0,µM,Titration,119.27924550692669,39270.08203125,15.301364872636164,,A,69,VAL,N,390.0,"CO:A.69.VAL.N,H_5",SP:12-1,PK:12-1.1.145,NA:A.69.VAL.N,NR:A.69.VAL,72.0,39270.08203125,Concentration,
73,1.0,1H,0.0,30.0,µM,Titration,7.607552371963904,31274.599609375,20.907208986150586,,A,20,GLU,H,391.0,"CO:A.20.GLU.N,H_5",SP:12-1,PK:12-1.1.146,NA:A.20.GLU.H,NR:A.20.GLU,73.0,31274.599609375,Concentration,
74,2.0,15N,0.0,30.0,µM,Titration,119.25254518801842,31274.599609375,15.14999319467194,,A,20,GLU,N,391.0,"CO:A.20.GLU.N,H_5",SP:12-1,PK:12-1.1.146,NA:A.20.GLU.N,NR:A.20.GLU,74.0,31274.599609375,Concentration,
75,1.0,1H,0.0,30.0,µM,Titration,7.221610005511716,52920.21875,15.039018203074582,,A,90,LEU,H,392.0,"CO:A.90.LEU.N,H_5",SP:12-1,PK:12-1.1.147,NA:A.90.LEU.H,NR:A.90.LEU,75.0,52920.21875,Concentration,
76,2.0,15N,0.0,30.0,µM,Titration,119.30773429777906,52920.21875,16.73098664068437,,A,90,LEU,N,392.0,"CO:A.90.LEU.N,H_5",SP:12-1,PK:12-1.1.147,NA:A.90.LEU.N,NR:A.90.LEU,76.0,52920.21875,Concentration,
77,1.0,1H,0.0,30.0,µM,Titration,7.022197351017295,52365.24609375,17.335256695962343,,A,66,ALA,H,393.0,"CO:A.66.ALA.N,H_5",SP:12-1,PK:12-1.1.148,NA:A.66.ALA.H,NR:A.66.ALA,77.0,52365.24609375,Concentration,
78,2.0,15N,0.0,30.0,µM,Titration,119.11451133822179,52365.24609375,14.620541129699332,,A,66,ALA,N,393.0,"CO:A.66.ALA.N,H_5",SP:12-1,PK:12-1.1.148,NA:A.66.ALA.N,NR:A.66.ALA,78.0,52365.24609375,Concentration,
79,1.0,1H,0.0,30.0,µM,Titration,7.20338087216901,34149.609375,19.054848682851794,,A,29,LYS,H,394.0,"CO:A.29.LYS.N,H_5",SP:12-1,PK:12-1.1.149,NA:A.29.LYS.H,NR:A.29.LYS,79.0,34149.609375,Concentration,
80,2.0,15N,0.0,30.0,µM,Titration,118.87649476207915,34149.609375,20.180441621386116,,A,29,LYS,N,394.0,"CO:A.29.LYS.N,H_5",SP:12-1,PK:12-1.1.149,NA:A.29.LYS.N,NR:A.29.LYS,80.0,34149.609375,Concentration,
81,1.0,1H,0.0,30.0,µM,Titration,8.41920687331966,52417.5859375,21.388449777777435,,A,72,LYS,H,395.0,"CO:A.72.LYS.N,H_5",SP:12-1,PK:12-1.1.150,NA:A.72.LYS.H,NR:A.72.LYS,81.0,52417.5859375,Concentration,
82,2.0,15N,0.0,30.0,µM,Titration,118.66860103169661,52417.5859375,15.187525363009952,,A,72,LYS,N,395.0,"CO:A.72.LYS.N,H_5",SP:12-1,PK:12-1.1.150,NA:A.72.LYS.N,NR:A.72.LYS,82.0,52417.5859375,Concentration,
83,1.0,1H,0.0,30.0,µM,Titration,7.906724345372229,34381.98046875,22.129869858662726,,A,141,ASN,H,396.0,"CO:A.141.ASN.N,H_5",SP:12-1,PK:12-1.1.152,NA:A.141.ASN.H,NR:A.141.ASN,83.0,34381.98046875,Concentration,
84,2.0,15N,0.0,30.0,µM,Titration,118.45758899907128,34381.98046875,20.326345174215046,,A,141,ASN,N,396.0,"CO:A.141.ASN.N,H_5",SP:12-1,PK:12-1.1.152,NA:A.141.ASN.N,NR:A.141.ASN,84.0,34381.98046875,Concentration,
85,1.0,1H,0.0,30.0,µM,Titration,8.80820425709699,35427.47265625,18.18632545809338,,A,97,LEU,H,397.0,"CO:A.97.LEU.N,H_5",SP:12-1,PK:12-1.1.153,NA:A.97.LEU.H,NR:A.97.LEU,85.0,35427.47265625,Concentration,
86,2.0,15N,0.0,30.0,µM,Titration,118.18971346896954,35427.47265625,16.05458843223016,,A,97,LEU,N,397.0,"CO:A.97.LEU.N,H_5",SP:12-1,PK:12-1.1.153,NA:A.97.LEU.N,NR:A.97.LEU,86.0,35427.47265625,Concentration,
87,1.0,1H,0.0,30.0,µM,Titration,7.84759232897546,24146.51953125,21.281743941542103,,A,86,GLU,H,398.0,"CO:A.86.GLU.N,H_5",SP:12-1,PK:12-1.1.154,NA:A.86.GLU.H,NR:A.86.GLU,87.0,24146.51953125,Concentration,
88,2.0,15N,0.0,30.0,µM,Titration,117.92901487396323,24146.51953125,18.702589084069253,,A,86,GLU,N,398.0,"CO:A.86.GLU.N,H_5",SP:12-1,PK:12-1.1.154,NA:A.86.GLU.N,NR:A.86.GLU,88.0,24146.51953125,Concentration,
89,1.0,1H,0.0,30.0,µM,Titration,7.6603716963904604,41291.2734375,16.284170739639308,,A,135,MET,H,399.0,"CO:A.135.MET.N,H_5",SP:12-1,PK:12-1.1.155,NA:A.135.MET.H,NR:A.135.MET,89.0,41291.2734375,Concentration,
90,2.0,15N,0.0,30.0,µM,Titration,117.90680186803851,41291.2734375,14.994534386123911,,A,135,MET,N,399.0,"CO:A.135.MET.N,H_5",SP:12-1,PK:12-1.1.155,NA:A.135.MET.N,NR:A.135.MET,90.0,41291.2734375,Concentration,
91,1.0,1H,0.0,30.0,µM,Titration,8.086576271872358,56786.44140625,15.692571581054807,,A,92,LYS,H,400.0,"CO:A.92.LYS.N,H_5",SP:12-1,PK:12-1.1.156,NA:A.92.LYS.H,NR:A.92.LYS,91.0,56786.44140625,Concentration,
92,2.0,15N,0.0,30.0,µM,Titration,117.5909579531774,56786.44140625,15.629964914814227,,A,92,LYS,N,400.0,"CO:A.92.LYS.N,H_5",SP:12-1,PK:12-1.1.156,NA:A.92.LYS.N,NR:A.92.LYS,92.0,56786.44140625,Concentration,
93,1.0,1H,0.0,30.0,µM,Titration,7.867162008264801,29808.486328125,21.577582139378613,,A,19,LEU,H,401.0,"CO:A.19.LEU.N,H_5",SP:12-1,PK:12-1.1.157,NA:A.19.LEU.H,NR:A.19.LEU,93.0,29808.486328125,Concentration,
94,2.0,15N,0.0,30.0,µM,Titration,117.5783925549307,29808.486328125,15.706019274546996,,A,19,LEU,N,401.0,"CO:A.19.LEU.N,H_5",SP:12-1,PK:12-1.1.157,NA:A.19.LEU.N,NR:A.19.LEU,94.0,29808.486328125,Concentration,
95,1.0,1H,0.0,30.0,µM,Titration,8.34720003022708,55694.73046875,16.252981507792537,,A,65,ASN,H,402.0,"CO:A.65.ASN.N,H_5",SP:12-1,PK:12-1.1.158,NA:A.65.ASN.H,NR:A.65.ASN,95.0,55694.73046875,Concentration,
96,2.0,15N,0.0,30.0,µM,Titration,117.46618783538914,55694.73046875,15.678708218143232,,A,65,ASN,N,402.0,"CO:A.65.ASN.N,H_5",SP:12-1,PK:12-1.1.158,NA:A.65.ASN.N,NR:A.65.ASN,96.0,55694.73046875,Concentration,
97,1.0,1H,0.0,30.0,µM,Titration,8.551070549006827,39465.78125,19.32569116783835,,A,53,PHE,H,403.0,"CO:A.53.PHE.N,H_5",SP:12-1,PK:12-1.1.159,NA:A.53.PHE.H,NR:A.53.PHE,97.0,39465.78125,Concentration,
98,2.0,15N,0.0,30.0,µM,Titration,117.3086743916855,39465.78125,14.97450941754813,,A,53,PHE,N,403.0,"CO:A.53.PHE.N,H_5",SP:12-1,PK:12-1.1.159,NA:A.53.PHE.N,NR:A.53.PHE,98.0,39465.78125,Concentration,
99,1.0,1H,0.0,30.0,µM,Titration,8.460308952526226,43528.96875,17.45993302812661,,A,85,ASP,H,404.0,"CO:A.85.ASP.N,H_5",SP:12-1,PK:12-1.1.162,NA:A.85.ASP.H,NR:A.85.ASP,99.0,43528.96875,Concentration,
100,2.0,15N,0.0,30.0,µM,Titration,116.67621562914714,43528.96875,16.21378939651368,,A,85,ASP,N,404.0,"CO:A.85.ASP.N,H_5",SP:12-1,PK:12-1.1.162,NA:A.85.ASP.N,NR:A.85.ASP,100.0,43528.96875,Concentration,
101,1.0,1H,0.0,30.0,µM,Titration,9.033769970013267,21350.513671875,18.58110548570184,,A,18,GLU,H,405.0,"CO:A.18.GLU.N,H_5",SP:12-1,PK:12-1.1.163,NA:A.18.GLU.H,NR:A.18.GLU,101.0,21350.513671875,Concentration,
102,2.0,15N,0.0,30.0,µM,Titration,116.57116134028428,21350.513671875,16.01423951687673,,A,18,GLU,N,405.0,"CO:A.18.GLU.N,H_5",SP:12-1,PK:12-1.1.163,NA:A.18.GLU.N,NR:A.18.GLU,102.0,21350.513671875,Concentration,
103,1.0,1H,0.0,30.0,µM,Titration,7.902068001038003,32433.212890625,18.039107089862274,,A,26,ASN,H,406.0,"CO:A.26.ASN.N,H_5",SP:12-1,PK:12-1.1.164,NA:A.26.ASN.H,NR:A.26.ASN,103.0,32433.212890625,Concentration,
104,2.0,15N,0.0,30.0,µM,Titration,116.48076629858723,32433.212890625,19.490119570959116,,A,26,ASN,N,406.0,"CO:A.26.ASN.N,H_5",SP:12-1,PK:12-1.1.164,NA:A.26.ASN.N,NR:A.26.ASN,104.0,32433.212890625,Concentration,
105,1.0,1H,0.0,30.0,µM,Titration,6.496595924395703,41701.4140625,21.3755769296908,,A,137,GLN,H,407.0,"CO:A.137.GLN.N,H_5",SP:12-1,PK:12-1.1.165,NA:A.137.GLN.H,NR:A.137.GLN,105.0,41701.4140625,Concentration,
106,2.0,15N,0.0,30.0,µM,Titration,116.55167137508379,41701.4140625,15.631547418483464,,A,137,GLN,N,407.0,"CO:A.137.GLN.N,H_5",SP:12-1,PK:12-1.1.165,NA:A.137.GLN.N,NR:A.137.GLN,106.0,41701.4140625,Concentration,
107,1.0,1H,0.0,30.0,µM,Titration,8.53196347264565,37938.5546875,21.922937146602973,,A,81,ASN,H,408.0,"CO:A.81.ASN.N,H_5",SP:12-1,PK:12-1.1.166,NA:A.81.ASN.H,NR:A.81.ASN,107.0,37938.5546875,Concentration,
108,2.0,15N,0.0,30.0,µM,Titration,115.92234243844766,37938.5546875,16.03483177742529,,A,81,ASN,N,408.0,"CO:A.81.ASN.N,H_5",SP:12-1,PK:12-1.1.166,NA:A.81.ASN.N,NR:A.81.ASN,108.0,37938.5546875,Concentration,
109,1.0,1H,0.0,30.0,µM,Titration,9.509202282133652,16634.365234375,18.23272591886617,,A,130,GLU,H,409.0,"CO:A.130.GLU.N,H_5",SP:12-1,PK:12-1.1.167,NA:A.130.GLU.H,NR:A.130.GLU,109.0,16634.365234375,Concentration,
110,2.0,15N,0.0,30.0,µM,Titration,115.79644530676677,16634.365234375,14.9976501113412,,A,130,GLU,N,409.0,"CO:A.130.GLU.N,H_5",SP:12-1,PK:12-1.1.167,NA:A.130.GLU.N,NR:A.130.GLU,110.0,16634.365234375,Concentration,
111,1.0,1H,0.0,30.0,µM,Titration,6.991435688501479,47397.23046875,18.131893459492627,,A,94,HIS,H,410.0,"CO:A.94.HIS.N,H_5",SP:12-1,PK:12-1.1.169,NA:A.94.HIS.H,NR:A.94.HIS,111.0,47397.23046875,Concentration,
112,2.0,15N,0.0,30.0,µM,Titration,115.32235158636419,47397.23046875,15.489296218413639,,A,94,HIS,N,410.0,"CO:A.94.HIS.N,H_5",SP:12-1,PK:12-1.1.169,NA:A.94.HIS.N,NR:A.94.HIS,112.0,47397.23046875,Concentration,
113,1.0,1H,0.0,30.0,µM,Titration,9.211228260541821,20702.775390625,17.62941470727902,,A,24,ASP,H,411.0,"CO:A.24.ASP.N,H_5",SP:12-1,PK:12-1.1.172,NA:A.24.ASP.H,NR:A.24.ASP,113.0,20702.775390625,Concentration,
114,2.0,15N,0.0,30.0,µM,Titration,113.54131470729551,20702.775390625,14.651408164936324,,A,24,ASP,N,411.0,"CO:A.24.ASP.N,H_5",SP:12-1,PK:12-1.1.172,NA:A.24.ASP.N,NR:A.24.ASP,114.0,20702.775390625,Concentration,
115,1.0,1H,0.0,30.0,µM,Titration,8.116607389361523,16684.193359375,20.734403873435635,,A,21,ASN,H,412.0,"CO:A.21.ASN.N,H_5",SP:12-1,PK:12-1.1.173,NA:A.21.ASN.H,NR:A.21.ASN,115.0,16684.193359375,Concentration,
116,2.0,15N,0.0,30.0,µM,Titration,113.5768974628954,16684.193359375,18.333969769170587,,A,21,ASN,N,412.0,"CO:A.21.ASN.N,H_5",SP:12-1,PK:12-1.1.173,NA:A.21.ASN.N,NR:A.21.ASN,116.0,16684.193359375,Concentration,
117,1.0,1H,0.0,30.0,µM,Titration,8.38163124631085,36487.359375,17.537690627460343,,A,71,GLY,H,413.0,"CO:A.71.GLY.N,H_5",SP:12-1,PK:12-1.1.177,NA:A.71.GLY.H,NR:A.71.GLY,117.0,36487.359375,Concentration,
118,2.0,15N,0.0,30.0,µM,Titration,112.65643133722435,36487.359375,17.4966479125078,,A,71,GLY,N,413.0,"CO:A.71.GLY.N,H_5",SP:12-1,PK:12-1.1.177,NA:A.71.GLY.N,NR:A.71.GLY,118.0,36487.359375,Concentration,
119,1.0,1H,0.0,30.0,µM,Titration,7.75790524595262,33845.57421875,14.439628172952434,,A,136,SER,H,414.0,"CO:A.136.SER.N,H_5",SP:12-1,PK:12-1.1.178,NA:A.136.SER.H,NR:A.136.SER,119.0,33845.57421875,Concentration,
120,2.0,15N,0.0,30.0,µM,Titration,112.6531793605321,33845.57421875,16.826796560063762,,A,136,SER,N,414.0,"CO:A.136.SER.N,H_5",SP:12-1,PK:12-1.1.178,NA:A.136.SER.N,NR:A.136.SER,120.0,33845.57421875,Concentration,
121,1.0,1H,0.0,30.0,µM,Titration,8.116504270442551,49908.921875,15.720493348243759,,A,60,THR,H,415.0,"CO:A.60.THR.N,H_5",SP:12-1,PK:12-1.1.184,NA:A.60.THR.H,NR:A.60.THR,121.0,49908.921875,Concentration,
122,2.0,15N,0.0,30.0,µM,Titration,112.03179137761185,49908.921875,15.381401227760868,,A,60,THR,N,415.0,"CO:A.60.THR.N,H_5",SP:12-1,PK:12-1.1.184,NA:A.60.THR.N,NR:A.60.THR,122.0,49908.921875,Concentration,
123,1.0,1H,0.0,30.0,µM,Titration,8.218383972127816,31078.396484375,19.48246230872783,,A,142,GLY,H,416.0,"CO:A.142.GLY.N,H_5",SP:12-1,PK:12-1.1.188,NA:A.142.GLY.H,NR:A.142.GLY,123.0,31078.396484375,Concentration,
124,2.0,15N,0.0,30.0,µM,Titration,111.856064790173,31078.396484375,15.150695191109296,,A,142,GLY,N,416.0,"CO:A.142.GLY.N,H_5",SP:12-1,PK:12-1.1.188,NA:A.142.GLY.N,NR:A.142.GLY,124.0,31078.396484375,Concentration,
125,1.0,1H,0.0,30.0,µM,Titration,8.920190030568609,47394.58984375,18.102636274236946,,A,83,THR,H,417.0,"CO:A.83.THR.N,H_5",SP:12-1,PK:12-1.1.189,NA:A.83.THR.H,NR:A.83.THR,125.0,47394.58984375,Concentration,
126,2.0,15N,0.0,30.0,µM,Titration,111.7221621722834,47394.58984375,14.474691239624585,,A,83,THR,N,417.0,"CO:A.83.THR.N,H_5",SP:12-1,PK:12-1.1.189,NA:A.83.THR.N,NR:A.83.THR,126.0,47394.58984375,Concentration,
127,1.0,1H,0.0,30.0,µM,Titration,6.689839346341907,57163.05859375,19.136941633545486,,A,58,GLU,H,418.0,"CO:A.58.GLU.N,H_5",SP:12-1,PK:12-1.1.196,NA:A.58.GLU.H,NR:A.58.GLU,127.0,57163.05859375,Concentration,
128,2.0,15N,0.0,30.0,µM,Titration,110.77515475420428,57163.05859375,17.52889922777103,,A,58,GLU,N,418.0,"CO:A.58.GLU.N,H_5",SP:12-1,PK:12-1.1.196,NA:A.58.GLU.N,NR:A.58.GLU,128.0,57163.05859375,Concentration,
129,1.0,1H,0.0,30.0,µM,Titration,8.300361722451497,37366.5234375,17.358787142886612,,A,63,GLY,H,419.0,"CO:A.63.GLY.N,H_5",SP:12-1,PK:12-1.1.199,NA:A.63.GLY.H,NR:A.63.GLY,129.0,37366.5234375,Concentration,
130,2.0,15N,0.0,30.0,µM,Titration,108.98051534753988,37366.5234375,15.095191475911639,,A,63,GLY,N,419.0,"CO:A.63.GLY.N,H_5",SP:12-1,PK:12-1.1.199,NA:A.63.GLY.N,NR:A.63.GLY,130.0,37366.5234375,Concentration,
131,1.0,1H,0.0,30.0,µM,Titration,7.889772382807207,21959.87890625,16.167454305104954,,A,27,HIS,H,420.0,"CO:A.27.HIS.N,H_5",SP:12-1,PK:12-1.1.200,NA:A.27.HIS.H,NR:A.27.HIS,131.0,21959.87890625,Concentration,
132,2.0,15N,0.0,30.0,µM,Titration,109.04864091738098,21959.87890625,18.108776759142504,,A,27,HIS,N,420.0,"CO:A.27.HIS.N,H_5",SP:12-1,PK:12-1.1.200,NA:A.27.HIS.N,NR:A.27.HIS,132.0,21959.87890625,Concentration,
133,1.0,1H,0.0,30.0,µM,Titration,7.275101035118798,33105.20703125,21.070190436708295,,A,143,THR,H,421.0,"CO:A.143.THR.N,H_5",SP:12-1,PK:12-1.1.201,NA:A.143.THR.H,NR:A.143.THR,133.0,33105.20703125,Concentration,
134,2.0,15N,0.0,30.0,µM,Titration,107.53918442492203,33105.20703125,18.658736757478525,,A,143,THR,N,421.0,"CO:A.143.THR.N,H_5",SP:12-1,PK:12-1.1.201,NA:A.143.THR.N,NR:A.143.THR,134.0,33105.20703125,Concentration,
135,1.0,1H,0.0,30.0,µM,Titration,7.716372430428263,36692.1484375,22.324887910284733,,A,95,GLY,H,422.0,"CO:A.95.GLY.N,H_5",SP:12-1,PK:12-1.1.202,NA:A.95.GLY.H,NR:A.95.GLY,135.0,36692.1484375,Concentration,
136,2.0,15N,0.0,30.0,µM,Titration,105.40605826497492,36692.1484375,17.385840896071983,,A,95,GLY,N,422.0,"CO:A.95.GLY.N,H_5",SP:12-1,PK:12-1.1.202,NA:A.95.GLY.N,NR:A.95.GLY,136.0,36692.1484375,Concentration,
137,1.0,1H,0.0,30.0,µM,Titration,8.030946360150814,25158.564453125,18.57164897955959,,A,132,GLY,H,423.0,"CO:A.132.GLY.N,H_5",SP:12-1,PK:12-1.1.203,NA:A.132.GLY.H,NR:A.132.GLY,137.0,25158.564453125,Concentration,
138,2.0,15N,0.0,30.0,µM,Titration,105.24927196418156,25158.564453125,16.85054506668481,,A,132,GLY,N,423.0,"CO:A.132.GLY.N,H_5",SP:12-1,PK:12-1.1.203,NA:A.132.GLY.N,NR:A.132.GLY,138.0,25158.564453125,Concentration,
139,1.0,1H,0.0,30.0,µM,Titration,7.22907681779033,23533.34765625,21.030783850269877,,A,28,GLY,H,424.0,"CO:A.28.GLY.N,H_5",SP:12-1,PK:12-1.1.204,NA:A.28.GLY.H,NR:A.28.GLY,139.0,23533.34765625,Concentration,
140,2.0,15N,0.0,30.0,µM,Titration,103.71924573963315,23533.34765625,14.806243828440893,,A,28,GLY,N,424.0,"CO:A.28.GLY.N,H_5",SP:12-1,PK:12-1.1.204,NA:A.28.GLY.N,NR:A.28.GLY,140.0,23533.34765625,Concentration,
141,1.0,1H,0.0,30.0,µM,Titration,9.03141342970026,8217.1396484375,17.386995470867753,,A,17,LYS,H,425.0,"CO:A.17.LYS.N,H",SP:12-1,PK:12-1.1.205,NA:A.17.LYS.H,NR:A.17.LYS,141.0,8217.1396484375,Concentration,
142,2.0,15N,0.0,30.0,µM,Titration,131.55662652334382,8217.1396484375,18.738593506650457,,A,17,LYS,N,425.0,"CO:A.17.LYS.N,H",SP:12-1,PK:12-1.1.205,NA:A.17.LYS.N,NR:A.17.LYS,142.0,8217.1396484375,Concentration,
143,1.0,1H,0.0,30.0,µM,Titration,9.152013778686523,13316.001953125,,,A,73,ILE,H,426.0,"CO:A.73.ILE.N,H",SP:12-1,PK:12-1.1.209,NA:A.73.ILE.H,NR:A.73.ILE,143.0,13316.001953125,Concentration,
144,2.0,15N,0.0,30.0,µM,Titration,120.83235931396484,13316.001953125,,,A,73,ILE,N,426.0,"CO:A.73.ILE.N,H",SP:12-1,PK:12-1.1.209,NA:A.73.ILE.N,NR:A.73.ILE,144.0,13316.001953125,Concentration,
145,1.0,1H,0.0,30.0,µM,Titration,9.07236115128311,11063.47265625,,,A,61,ASP,H,427.0,"CO:A.61.ASP.N,H",SP:12-1,PK:12-1.1.210,NA:A.61.ASP.H,NR:A.61.ASP,145.0,11063.47265625,Concentration,
146,2.0,15N,0.0,30.0,µM,Titration,122.14006656043738,11063.47265625,,,A,61,ASP,N,427.0,"CO:A.61.ASP.N,H",SP:12-1,PK:12-1.1.210,NA:A.61.ASP.N,NR:A.61.ASP,146.0,11063.47265625,Concentration,
147,1.0,1H,0.0,30.0,µM,Titration,9.334067859691174,4732.615234375,12.888220506003877,,A,139,ASN,H,428.0,"CO:A.139.ASN.N,H",SP:12-1,PK:12-1.1.211,NA:A.139.ASN.H,NR:A.139.ASN,147.0,4732.615234375,Concentration,
148,2.0,15N,0.0,30.0,µM,Titration,116.73371840163063,4732.615234375,21.06180088638364,,A,139,ASN,N,428.0,"CO:A.139.ASN.N,H",SP:12-1,PK:12-1.1.211,NA:A.139.ASN.N,NR:A.139.ASN,148.0,4732.615234375,Concentration,
149,1.0,1H,0.0,30.0,µM,Titration,7.990428300730347,13010.9091796875,18.782071912517964,,A,140,GLY,H,429.0,"CO:A.140.GLY.N,H",SP:12-1,PK:12-1.1.212,NA:A.140.GLY.H,NR:A.140.GLY,149.0,13010.9091796875,Concentration,
150,2.0,15N,0.0,30.0,µM,Titration,106.71672767094182,13010.9091796875,16.054382542479424,,A,140,GLY,N,429.0,"CO:A.140.GLY.N,H",SP:12-1,PK:12-1.1.212,NA:A.140.GLY.N,NR:A.140.GLY,150.0,13010.9091796875,Concentration,
151,1.0,1H,0.0,30.0,µM,Titration,6.805019855499268,69265.0078125,,,A,91,ALA,H,430.0,"CO:A.91.ALA.N,H",SP:12-1,PK:12-1.1.214,NA:A.91.ALA.H,NR:A.91.ALA,151.0,69265.0078125,Concentration,
152,2.0,15N,0.0,30.0,µM,Titration,121.05618286132812,69265.0078125,,,A,91,ALA,N,430.0,"CO:A.91.ALA.N,H",SP:12-1,PK:12-1.1.214,NA:A.91.ALA.N,NR:A.91.ALA,152.0,69265.0078125,Concentration,
153,1.0,1H,30.0,30.0,µM,Titration,8.657807820139034,20679.74609375,,,A,56,VAL,H,355.0,"CO:A.56.VAL.N,H_5",SP:14-1,PK:14-1.4.1,NA:A.56.VAL.H,NR:A.56.VAL,153.0,20679.74609375,Concentration,
154,2.0,15N,30.0,30.0,µM,Titration,133.46828473030118,20679.74609375,,,A,56,VAL,N,355.0,"CO:A.56.VAL.N,H_5",SP:14-1,PK:14-1.4.1,NA:A.56.VAL.N,NR:A.56.VAL,154.0,20679.74609375,Concentration,
155,1.0,1H,30.0,30.0,µM,Titration,8.462263796014469,32958.9140625,,,A,74,ALA,H,356.0,"CO:A.74.ALA.N,H_5",SP:14-1,PK:14-1.4.2,NA:A.74.ALA.H,NR:A.74.ALA,155.0,32958.9140625,Concentration,
156,2.0,15N,30.0,30.0,µM,Titration,131.35368400525994,32958.9140625,,,A,74,ALA,N,356.0,"CO:A.74.ALA.N,H_5",SP:14-1,PK:14-1.4.2,NA:A.74.ALA.N,NR:A.74.ALA,156.0,32958.9140625,Concentration,
157,1.0,1H,30.0,30.0,µM,Titration,9.220974609617777,31730.3125,,,A,16,VAL,H,357.0,"CO:A.16.VAL.N,H_5",SP:14-1,PK:14-1.4.3,NA:A.16.VAL.H,NR:A.16.VAL,157.0,31730.3125,Concentration,
158,2.0,15N,30.0,30.0,µM,Titration,128.4838687355611,31730.3125,,,A,16,VAL,N,357.0,"CO:A.16.VAL.N,H_5",SP:14-1,PK:14-1.4.3,NA:A.16.VAL.N,NR:A.16.VAL,158.0,31730.3125,Concentration,
159,1.0,1H,30.0,30.0,µM,Titration,9.181865804792865,37971.203125,,,A,100,LEU,H,358.0,"CO:A.100.LEU.N,H_5",SP:14-1,PK:14-1.4.4,NA:A.100.LEU.H,NR:A.100.LEU,159.0,37971.203125,Concentration,
160,2.0,15N,30.0,30.0,µM,Titration,128.18178291769806,37971.203125,,,A,100,LEU,N,358.0,"CO:A.100.LEU.N,H_5",SP:14-1,PK:14-1.4.4,NA:A.100.LEU.N,NR:A.100.LEU,160.0,37971.203125,Concentration,
161,1.0,1H,30.0,30.0,µM,Titration,8.517016122769348,27763.31640625,,,A,75,LEU,H,359.0,"CO:A.75.LEU.N,H_5",SP:14-1,PK:14-1.4.5,NA:A.75.LEU.H,NR:A.75.LEU,161.0,27763.31640625,Concentration,
162,2.0,15N,30.0,30.0,µM,Titration,127.577611281972,27763.31640625,,,A,75,LEU,N,359.0,"CO:A.75.LEU.N,H_5",SP:14-1,PK:14-1.4.5,NA:A.75.LEU.N,NR:A.75.LEU,162.0,27763.31640625,Concentration,
163,1.0,1H,30.0,30.0,µM,Titration,7.116920910037469,20187.71875,,,A,79,ASP,H,360.0,"CO:A.79.ASP.N,H_5",SP:14-1,PK:14-1.4.6,NA:A.79.ASP.H,NR:A.79.ASP,163.0,20187.71875,Concentration,
164,2.0,15N,30.0,30.0,µM,Titration,127.577611281972,20187.71875,,,A,79,ASP,N,360.0,"CO:A.79.ASP.N,H_5",SP:14-1,PK:14-1.4.6,NA:A.79.ASP.N,NR:A.79.ASP,164.0,20187.71875,Concentration,
165,1.0,1H,30.0,30.0,µM,Titration,8.728203668823877,24210.30078125,,,A,77,GLU,H,361.0,"CO:A.77.GLU.N,H_5",SP:14-1,PK:14-1.4.7,NA:A.77.GLU.H,NR:A.77.GLU,165.0,24210.30078125,Concentration,
166,2.0,15N,30.0,30.0,µM,Titration,127.12448255517745,24210.30078125,,,A,77,GLU,N,361.0,"CO:A.77.GLU.N,H_5",SP:14-1,PK:14-1.4.7,NA:A.77.GLU.N,NR:A.77.GLU,166.0,24210.30078125,Concentration,
167,1.0,1H,30.0,30.0,µM,Titration,8.86117360522858,15929.90234375,,,A,30,ALA,H,362.0,"CO:A.30.ALA.N,H_5",SP:14-1,PK:14-1.4.8,NA:A.30.ALA.H,NR:A.30.ALA,167.0,15929.90234375,Concentration,
168,2.0,15N,30.0,30.0,µM,Titration,126.52031091945138,15929.90234375,,,A,30,ALA,N,362.0,"CO:A.30.ALA.N,H_5",SP:14-1,PK:14-1.4.8,NA:A.30.ALA.N,NR:A.30.ALA,168.0,15929.90234375,Concentration,
169,1.0,1H,30.0,30.0,µM,Titration,8.579590210489208,13990.63671875,,,A,78,ARG,H,363.0,"CO:A.78.ARG.N,H_5",SP:14-1,PK:14-1.4.9,NA:A.78.ARG.H,NR:A.78.ARG,169.0,13990.63671875,Concentration,
170,2.0,15N,30.0,30.0,µM,Titration,125.00988183013621,13990.63671875,,,A,78,ARG,N,363.0,"CO:A.78.ARG.N,H_5",SP:14-1,PK:14-1.4.9,NA:A.78.ARG.N,NR:A.78.ARG,170.0,13990.63671875,Concentration,
171,1.0,1H,30.0,30.0,µM,Titration,7.836522918815865,52464.03515625,,,A,96,ALA,H,364.0,"CO:A.96.ALA.N,H_5",SP:14-1,PK:14-1.4.10,NA:A.96.ALA.H,NR:A.96.ALA,171.0,52464.03515625,Concentration,
172,2.0,15N,30.0,30.0,µM,Titration,124.70779601227316,52464.03515625,,,A,96,ALA,N,364.0,"CO:A.96.ALA.N,H_5",SP:14-1,PK:14-1.4.10,NA:A.96.ALA.N,NR:A.96.ALA,172.0,52464.03515625,Concentration,
173,1.0,1H,30.0,30.0,µM,Titration,9.314835741197568,31125.03515625,,,A,55,TYR,H,365.0,"CO:A.55.TYR.N,H_5",SP:14-1,PK:14-1.4.11,NA:A.55.TYR.H,NR:A.55.TYR,173.0,31125.03515625,Concentration,
174,2.0,15N,30.0,30.0,µM,Titration,124.25466728547862,31125.03515625,,,A,55,TYR,N,365.0,"CO:A.55.TYR.N,H_5",SP:14-1,PK:14-1.4.11,NA:A.55.TYR.N,NR:A.55.TYR,174.0,31125.03515625,Concentration,
175,1.0,1H,30.0,30.0,µM,Titration,8.71256014689391,22746.2734375,,,A,101,ILE,H,366.0,"CO:A.101.ILE.N,H_5",SP:14-1,PK:14-1.4.12,NA:A.101.ILE.H,NR:A.101.ILE,175.0,22746.2734375,Concentration,
176,2.0,15N,30.0,30.0,µM,Titration,124.1036243765471,22746.2734375,,,A,101,ILE,N,366.0,"CO:A.101.ILE.N,H_5",SP:14-1,PK:14-1.4.12,NA:A.101.ILE.N,NR:A.101.ILE,176.0,22746.2734375,Concentration,
177,1.0,1H,30.0,30.0,µM,Titration,8.118106313555238,76806.46875,,,A,70,LYS,H,367.0,"CO:A.70.LYS.N,H_5",SP:14-1,PK:14-1.4.13,NA:A.70.LYS.H,NR:A.70.LYS,177.0,76806.46875,Concentration,
178,2.0,15N,30.0,30.0,µM,Titration,123.95258146761559,76806.46875,,,A,70,LYS,N,367.0,"CO:A.70.LYS.N,H_5",SP:14-1,PK:14-1.4.13,NA:A.70.LYS.N,NR:A.70.LYS,178.0,76806.46875,Concentration,
179,1.0,1H,30.0,30.0,µM,Titration,9.095826434178058,33991.72265625,,,A,76,ILE,H,368.0,"CO:A.76.ILE.N,H_5",SP:14-1,PK:14-1.4.14,NA:A.76.ILE.H,NR:A.76.ILE,179.0,33991.72265625,Concentration,
180,2.0,15N,30.0,30.0,µM,Titration,123.80153855868406,33991.72265625,,,A,76,ILE,N,368.0,"CO:A.76.ILE.N,H_5",SP:14-1,PK:14-1.4.14,NA:A.76.ILE.N,NR:A.76.ILE,180.0,33991.72265625,Concentration,
181,1.0,1H,30.0,30.0,µM,Titration,8.18850216224008,58781.2734375,,,A,68,ASP,H,369.0,"CO:A.68.ASP.N,H_5",SP:14-1,PK:14-1.4.15,NA:A.68.ASP.H,NR:A.68.ASP,181.0,58781.2734375,Concentration,
182,2.0,15N,30.0,30.0,µM,Titration,123.80153855868406,58781.2734375,,,A,68,ASP,N,369.0,"CO:A.68.ASP.N,H_5",SP:14-1,PK:14-1.4.15,NA:A.68.ASP.N,NR:A.68.ASP,182.0,58781.2734375,Concentration,
183,1.0,1H,30.0,30.0,µM,Titration,8.071175747765341,40267.99609375,,,A,57,LYS,H,370.0,"CO:A.57.LYS.N,H_5",SP:14-1,PK:14-1.4.16,NA:A.57.LYS.H,NR:A.57.LYS,183.0,40267.99609375,Concentration,
184,2.0,15N,30.0,30.0,µM,Titration,123.80153855868406,40267.99609375,,,A,57,LYS,N,370.0,"CO:A.57.LYS.N,H_5",SP:14-1,PK:14-1.4.16,NA:A.57.LYS.N,NR:A.57.LYS,184.0,40267.99609375,Concentration,
185,1.0,1H,30.0,30.0,µM,Titration,8.71256014689391,30775.70703125,,,A,54,ALA,H,371.0,"CO:A.54.ALA.N,H_5",SP:14-1,PK:14-1.4.17,NA:A.54.ALA.H,NR:A.54.ALA,185.0,30775.70703125,Concentration,
186,2.0,15N,30.0,30.0,µM,Titration,123.34840983188951,30775.70703125,,,A,54,ALA,N,371.0,"CO:A.54.ALA.N,H_5",SP:14-1,PK:14-1.4.17,NA:A.54.ALA.N,NR:A.54.ALA,186.0,30775.70703125,Concentration,
187,1.0,1H,30.0,30.0,µM,Titration,7.281177890302103,34431.1640625,,,A,138,LEU,H,372.0,"CO:A.138.LEU.N,H_5",SP:14-1,PK:14-1.4.18,NA:A.138.LEU.H,NR:A.138.LEU,187.0,34431.1640625,Concentration,
188,2.0,15N,30.0,30.0,µM,Titration,123.197366922958,34431.1640625,,,A,138,LEU,N,372.0,"CO:A.138.LEU.N,H_5",SP:14-1,PK:14-1.4.18,NA:A.138.LEU.N,NR:A.138.LEU,188.0,34431.1640625,Concentration,
189,1.0,1H,30.0,30.0,µM,Titration,8.962856497773354,17573.8203125,,,A,102,PHE,H,373.0,"CO:A.102.PHE.N,H_5",SP:14-1,PK:14-1.4.19,NA:A.102.PHE.H,NR:A.102.PHE,189.0,17573.8203125,Concentration,
190,2.0,15N,30.0,30.0,µM,Titration,122.89528110509497,17573.8203125,,,A,102,PHE,N,373.0,"CO:A.102.PHE.N,H_5",SP:14-1,PK:14-1.4.19,NA:A.102.PHE.N,NR:A.102.PHE,190.0,17573.8203125,Concentration,
191,1.0,1H,30.0,30.0,µM,Titration,7.938205811360638,5108.1875,,,A,93,LYS,H,374.0,"CO:A.93.LYS.N,H_5",SP:14-1,PK:14-1.4.20,NA:A.93.LYS.H,NR:A.93.LYS,191.0,5108.1875,Concentration,
192,2.0,15N,30.0,30.0,µM,Titration,122.74423819616345,5108.1875,,,A,93,LYS,N,374.0,"CO:A.93.LYS.N,H_5",SP:14-1,PK:14-1.4.20,NA:A.93.LYS.N,NR:A.93.LYS,192.0,5108.1875,Concentration,
193,1.0,1H,30.0,30.0,µM,Titration,6.882268081087992,47085.83984375,,,A,134,ALA,H,375.0,"CO:A.134.ALA.N,H_5",SP:14-1,PK:14-1.4.21,NA:A.134.ALA.H,NR:A.134.ALA,193.0,47085.83984375,Concentration,
194,2.0,15N,30.0,30.0,µM,Titration,121.98902365150586,47085.83984375,,,A,134,ALA,N,375.0,"CO:A.134.ALA.N,H_5",SP:14-1,PK:14-1.4.21,NA:A.134.ALA.N,NR:A.134.ALA,194.0,47085.83984375,Concentration,
195,1.0,1H,30.0,30.0,µM,Titration,8.587411971454191,26800.1640625,,,A,88,ILE,H,376.0,"CO:A.88.ILE.N,H_5",SP:14-1,PK:14-1.4.22,NA:A.88.ILE.H,NR:A.88.ILE,195.0,26800.1640625,Concentration,
196,2.0,15N,30.0,30.0,µM,Titration,121.68693783364282,26800.1640625,,,A,88,ILE,N,376.0,"CO:A.88.ILE.N,H_5",SP:14-1,PK:14-1.4.22,NA:A.88.ILE.N,NR:A.88.ILE,196.0,26800.1640625,Concentration,
197,1.0,1H,30.0,30.0,µM,Titration,7.88345348460576,15377.72265625,,,A,131,PHE,H,377.0,"CO:A.131.PHE.N,H_5",SP:14-1,PK:14-1.4.23,NA:A.131.PHE.H,NR:A.131.PHE,197.0,15377.72265625,Concentration,
198,2.0,15N,30.0,30.0,µM,Titration,121.38485201577979,15377.72265625,,,A,131,PHE,N,377.0,"CO:A.131.PHE.N,H_5",SP:14-1,PK:14-1.4.23,NA:A.131.PHE.N,NR:A.131.PHE,198.0,15377.72265625,Concentration,
199,1.0,1H,30.0,30.0,µM,Titration,8.454442035049487,27398.16796875,,,A,89,ALA,H,378.0,"CO:A.89.ALA.N,H_5",SP:14-1,PK:14-1.4.24,NA:A.89.ALA.H,NR:A.89.ALA,199.0,27398.16796875,Concentration,
200,2.0,15N,30.0,30.0,µM,Titration,121.08276619791675,27398.16796875,,,A,89,ALA,N,378.0,"CO:A.89.ALA.N,H_5",SP:14-1,PK:14-1.4.24,NA:A.89.ALA.N,NR:A.89.ALA,200.0,27398.16796875,Concentration,
201,1.0,1H,30.0,30.0,µM,Titration,7.680087699516213,41311.23046875,,,A,64,TYR,H,379.0,"CO:A.64.TYR.N,H_5",SP:14-1,PK:14-1.4.25,NA:A.64.TYR.H,NR:A.64.TYR,201.0,41311.23046875,Concentration,
202,2.0,15N,30.0,30.0,µM,Titration,120.93172328898524,41311.23046875,,,A,64,TYR,N,379.0,"CO:A.64.TYR.N,H_5",SP:14-1,PK:14-1.4.25,NA:A.64.TYR.N,NR:A.64.TYR,202.0,41311.23046875,Concentration,
203,1.0,1H,30.0,30.0,µM,Titration,6.796228710473184,26848.5078125,,,A,25,LEU,H,380.0,"CO:A.25.LEU.N,H_5",SP:14-1,PK:14-1.4.26,NA:A.25.LEU.H,NR:A.25.LEU,203.0,26848.5078125,Concentration,
204,2.0,15N,30.0,30.0,µM,Titration,120.93172328898524,26848.5078125,,,A,25,LEU,N,380.0,"CO:A.25.LEU.N,H_5",SP:14-1,PK:14-1.4.26,NA:A.25.LEU.N,NR:A.25.LEU,204.0,26848.5078125,Concentration,
205,1.0,1H,30.0,30.0,µM,Titration,8.172858640310114,60361.46484375,,,A,62,ALA,H,381.0,"CO:A.62.ALA.N,H_5",SP:14-1,PK:14-1.4.27,NA:A.62.ALA.H,NR:A.62.ALA,205.0,60361.46484375,Concentration,
206,2.0,15N,30.0,30.0,µM,Titration,120.62963747112221,60361.46484375,,,A,62,ALA,N,381.0,"CO:A.62.ALA.N,H_5",SP:14-1,PK:14-1.4.27,NA:A.62.ALA.N,NR:A.62.ALA,206.0,60361.46484375,Concentration,
207,1.0,1H,30.0,30.0,µM,Titration,9.307013980232586,12572.59375,,,A,129,HIS,H,382.0,"CO:A.129.HIS.N,H_5",SP:14-1,PK:14-1.4.28,NA:A.129.HIS.H,NR:A.129.HIS,207.0,12572.59375,Concentration,
208,2.0,15N,30.0,30.0,µM,Titration,120.4785945621907,12572.59375,,,A,129,HIS,N,382.0,"CO:A.129.HIS.N,H_5",SP:14-1,PK:14-1.4.28,NA:A.129.HIS.N,NR:A.129.HIS,208.0,12572.59375,Concentration,
209,1.0,1H,30.0,30.0,µM,Titration,7.54711776311151,36931.71875,,,A,22,ARG,H,383.0,"CO:A.22.ARG.N,H_5",SP:14-1,PK:14-1.4.29,NA:A.22.ARG.H,NR:A.22.ARG,209.0,36931.71875,Concentration,
210,2.0,15N,30.0,30.0,µM,Titration,120.32755165325916,36931.71875,,,A,22,ARG,N,383.0,"CO:A.22.ARG.N,H_5",SP:14-1,PK:14-1.4.29,NA:A.22.ARG.N,NR:A.22.ARG,210.0,36931.71875,Concentration,
211,1.0,1H,30.0,30.0,µM,Titration,8.540481405664295,19527.8828125,,,A,99,VAL,H,384.0,"CO:A.99.VAL.N,H_5",SP:14-1,PK:14-1.4.30,NA:A.99.VAL.H,NR:A.99.VAL,211.0,19527.8828125,Concentration,
212,2.0,15N,30.0,30.0,µM,Titration,120.17650874432765,19527.8828125,,,A,99,VAL,N,384.0,"CO:A.99.VAL.N,H_5",SP:14-1,PK:14-1.4.30,NA:A.99.VAL.N,NR:A.99.VAL,212.0,19527.8828125,Concentration,
213,1.0,1H,30.0,30.0,µM,Titration,9.080182912248091,34304.6953125,,,A,59,SER,H,385.0,"CO:A.59.SER.N,H_5",SP:14-1,PK:14-1.4.31,NA:A.59.SER.H,NR:A.59.SER,213.0,34304.6953125,Concentration,
214,2.0,15N,30.0,30.0,µM,Titration,120.02546583539613,34304.6953125,,,A,59,SER,N,385.0,"CO:A.59.SER.N,H_5",SP:14-1,PK:14-1.4.31,NA:A.59.SER.N,NR:A.59.SER,214.0,34304.6953125,Concentration,
215,1.0,1H,30.0,30.0,µM,Titration,8.266719771889905,37639.23828125,,,A,133,LYS,H,386.0,"CO:A.133.LYS.N,H_5",SP:14-1,PK:14-1.4.32,NA:A.133.LYS.H,NR:A.133.LYS,215.0,37639.23828125,Concentration,
216,2.0,15N,30.0,30.0,µM,Titration,120.02546583539613,37639.23828125,,,A,133,LYS,N,386.0,"CO:A.133.LYS.N,H_5",SP:14-1,PK:14-1.4.32,NA:A.133.LYS.N,NR:A.133.LYS,216.0,37639.23828125,Concentration,
217,1.0,1H,30.0,30.0,µM,Titration,7.805235874955934,48655.70703125,,,A,82,LYS,H,387.0,"CO:A.82.LYS.N,H_5",SP:14-1,PK:14-1.4.33,NA:A.82.LYS.H,NR:A.82.LYS,217.0,48655.70703125,Concentration,
218,2.0,15N,30.0,30.0,µM,Titration,120.02546583539613,48655.70703125,,,A,82,LYS,N,387.0,"CO:A.82.LYS.N,H_5",SP:14-1,PK:14-1.4.33,NA:A.82.LYS.N,NR:A.82.LYS,218.0,48655.70703125,Concentration,
219,1.0,1H,30.0,30.0,µM,Titration,7.312464934162033,62114.6875,,,A,67,GLN,H,388.0,"CO:A.67.GLN.N,H_5",SP:14-1,PK:14-1.4.34,NA:A.67.GLN.H,NR:A.67.GLN,219.0,62114.6875,Concentration,
220,2.0,15N,30.0,30.0,µM,Titration,120.02546583539613,62114.6875,,,A,67,GLN,N,388.0,"CO:A.67.GLN.N,H_5",SP:14-1,PK:14-1.4.34,NA:A.67.GLN.N,NR:A.67.GLN,220.0,62114.6875,Concentration,
221,1.0,1H,30.0,30.0,µM,Titration,7.938205811360638,30667.890625,,,A,87,MET,H,389.0,"CO:A.87.MET.N,H_5",SP:14-1,PK:14-1.4.35,NA:A.87.MET.H,NR:A.87.MET,221.0,30667.890625,Concentration,
222,2.0,15N,30.0,30.0,µM,Titration,119.7233800175331,30667.890625,,,A,87,MET,N,389.0,"CO:A.87.MET.N,H_5",SP:14-1,PK:14-1.4.35,NA:A.87.MET.N,NR:A.87.MET,222.0,30667.890625,Concentration,
223,1.0,1H,30.0,30.0,µM,Titration,8.845530083298614,36627.83203125,,,A,69,VAL,H,390.0,"CO:A.69.VAL.N,H_5",SP:14-1,PK:14-1.4.36,NA:A.69.VAL.H,NR:A.69.VAL,223.0,36627.83203125,Concentration,
224,2.0,15N,30.0,30.0,µM,Titration,119.27025129073854,36627.83203125,,,A,69,VAL,N,390.0,"CO:A.69.VAL.N,H_5",SP:14-1,PK:14-1.4.36,NA:A.69.VAL.N,NR:A.69.VAL,224.0,36627.83203125,Concentration,
225,1.0,1H,30.0,30.0,µM,Titration,7.6096918508313705,27509.8515625,,,A,20,GLU,H,391.0,"CO:A.20.GLU.N,H_5",SP:14-1,PK:14-1.4.37,NA:A.20.GLU.H,NR:A.20.GLU,225.0,27509.8515625,Concentration,
226,2.0,15N,30.0,30.0,µM,Titration,119.27025129073854,27509.8515625,,,A,20,GLU,N,391.0,"CO:A.20.GLU.N,H_5",SP:14-1,PK:14-1.4.37,NA:A.20.GLU.N,NR:A.20.GLU,226.0,27509.8515625,Concentration,
227,1.0,1H,30.0,30.0,µM,Titration,7.234247324512207,50841.328125,,,A,90,LEU,H,392.0,"CO:A.90.LEU.N,H_5",SP:14-1,PK:14-1.4.38,NA:A.90.LEU.H,NR:A.90.LEU,227.0,50841.328125,Concentration,
228,2.0,15N,30.0,30.0,µM,Titration,119.27025129073854,50841.328125,,,A,90,LEU,N,392.0,"CO:A.90.LEU.N,H_5",SP:14-1,PK:14-1.4.38,NA:A.90.LEU.N,NR:A.90.LEU,228.0,50841.328125,Concentration,
229,1.0,1H,30.0,30.0,µM,Titration,7.038703300387644,36744.56640625,,,A,66,ALA,H,393.0,"CO:A.66.ALA.N,H_5",SP:14-1,PK:14-1.4.39,NA:A.66.ALA.H,NR:A.66.ALA,229.0,36744.56640625,Concentration,
230,2.0,15N,30.0,30.0,µM,Titration,119.27025129073854,36744.56640625,,,A,66,ALA,N,393.0,"CO:A.66.ALA.N,H_5",SP:14-1,PK:14-1.4.39,NA:A.66.ALA.N,NR:A.66.ALA,230.0,36744.56640625,Concentration,
231,1.0,1H,30.0,30.0,µM,Titration,7.21078204161726,27549.26953125,,,A,29,LYS,H,394.0,"CO:A.29.LYS.N,H_5",SP:14-1,PK:14-1.4.40,NA:A.29.LYS.H,NR:A.29.LYS,231.0,27549.26953125,Concentration,
232,2.0,15N,30.0,30.0,µM,Titration,118.96816547287551,27549.26953125,,,A,29,LYS,N,394.0,"CO:A.29.LYS.N,H_5",SP:14-1,PK:14-1.4.40,NA:A.29.LYS.N,NR:A.29.LYS,232.0,27549.26953125,Concentration,
233,1.0,1H,30.0,30.0,µM,Titration,8.423154991189556,47034.96484375,,,A,72,LYS,H,395.0,"CO:A.72.LYS.N,H_5",SP:14-1,PK:14-1.4.41,NA:A.72.LYS.H,NR:A.72.LYS,233.0,47034.96484375,Concentration,
234,2.0,15N,30.0,30.0,µM,Titration,118.66607965501248,47034.96484375,,,A,72,LYS,N,395.0,"CO:A.72.LYS.N,H_5",SP:14-1,PK:14-1.4.41,NA:A.72.LYS.N,NR:A.72.LYS,234.0,47034.96484375,Concentration,
235,1.0,1H,30.0,30.0,µM,Titration,7.9069187675007075,33423.08984375,,,A,141,ASN,H,396.0,"CO:A.141.ASN.N,H_5",SP:14-1,PK:14-1.4.42,NA:A.141.ASN.H,NR:A.141.ASN,235.0,33423.08984375,Concentration,
236,2.0,15N,30.0,30.0,µM,Titration,118.36399383714945,33423.08984375,,,A,141,ASN,N,396.0,"CO:A.141.ASN.N,H_5",SP:14-1,PK:14-1.4.42,NA:A.141.ASN.N,NR:A.141.ASN,236.0,33423.08984375,Concentration,
237,1.0,1H,30.0,30.0,µM,Titration,8.806421278473703,29720.86328125,,,A,97,LEU,H,397.0,"CO:A.97.LEU.N,H_5",SP:14-1,PK:14-1.4.43,NA:A.97.LEU.H,NR:A.97.LEU,237.0,29720.86328125,Concentration,
238,2.0,15N,30.0,30.0,µM,Titration,118.21295092821792,29720.86328125,,,A,97,LEU,N,397.0,"CO:A.97.LEU.N,H_5",SP:14-1,PK:14-1.4.43,NA:A.97.LEU.N,NR:A.97.LEU,238.0,29720.86328125,Concentration,
239,1.0,1H,30.0,30.0,µM,Titration,7.85216644074583,19788.26953125,,,A,86,GLU,H,398.0,"CO:A.86.GLU.N,H_5",SP:14-1,PK:14-1.4.44,NA:A.86.GLU.H,NR:A.86.GLU,239.0,19788.26953125,Concentration,
240,2.0,15N,30.0,30.0,µM,Titration,118.0619080192864,19788.26953125,,,A,86,GLU,N,398.0,"CO:A.86.GLU.N,H_5",SP:14-1,PK:14-1.4.44,NA:A.86.GLU.N,NR:A.86.GLU,240.0,19788.26953125,Concentration,
241,1.0,1H,30.0,30.0,µM,Titration,7.656622416621266,25876.12109375,,,A,135,MET,H,399.0,"CO:A.135.MET.N,H_5",SP:14-1,PK:14-1.4.45,NA:A.135.MET.H,NR:A.135.MET,241.0,25876.12109375,Concentration,
242,2.0,15N,30.0,30.0,µM,Titration,117.91086511035489,25876.12109375,,,A,135,MET,N,399.0,"CO:A.135.MET.N,H_5",SP:14-1,PK:14-1.4.45,NA:A.135.MET.N,NR:A.135.MET,242.0,25876.12109375,Concentration,
243,1.0,1H,30.0,30.0,µM,Titration,8.094641030660288,4487.54296875,,,A,92,LYS,H,400.0,"CO:A.92.LYS.N,H_5",SP:14-1,PK:14-1.4.46,NA:A.92.LYS.H,NR:A.92.LYS,243.0,4487.54296875,Concentration,
244,2.0,15N,30.0,30.0,µM,Titration,117.45773638356034,4487.54296875,,,A,92,LYS,N,400.0,"CO:A.92.LYS.N,H_5",SP:14-1,PK:14-1.4.46,NA:A.92.LYS.N,NR:A.92.LYS,244.0,4487.54296875,Concentration,
245,1.0,1H,30.0,30.0,µM,Titration,7.875631723640778,21873.3828125,,,A,19,LEU,H,401.0,"CO:A.19.LEU.N,H_5",SP:14-1,PK:14-1.4.47,NA:A.19.LEU.H,NR:A.19.LEU,245.0,21873.3828125,Concentration,
246,2.0,15N,30.0,30.0,µM,Titration,117.45773638356034,21873.3828125,,,A,19,LEU,N,401.0,"CO:A.19.LEU.N,H_5",SP:14-1,PK:14-1.4.47,NA:A.19.LEU.N,NR:A.19.LEU,246.0,21873.3828125,Concentration,
247,1.0,1H,30.0,30.0,µM,Titration,8.360580903469696,48761.64453125,,,A,65,ASN,H,402.0,"CO:A.65.ASN.N,H_5",SP:14-1,PK:14-1.4.48,NA:A.65.ASN.H,NR:A.65.ASN,247.0,48761.64453125,Concentration,
248,2.0,15N,30.0,30.0,µM,Titration,117.60877929249186,48761.64453125,,,A,65,ASN,N,402.0,"CO:A.65.ASN.N,H_5",SP:14-1,PK:14-1.4.48,NA:A.65.ASN.N,NR:A.65.ASN,248.0,48761.64453125,Concentration,
249,1.0,1H,30.0,30.0,µM,Titration,8.563946688559243,36428.82421875,,,A,53,PHE,H,403.0,"CO:A.53.PHE.N,H_5",SP:14-1,PK:14-1.4.49,NA:A.53.PHE.H,NR:A.53.PHE,249.0,36428.82421875,Concentration,
250,2.0,15N,30.0,30.0,µM,Titration,117.30669347462882,36428.82421875,,,A,53,PHE,N,403.0,"CO:A.53.PHE.N,H_5",SP:14-1,PK:14-1.4.49,NA:A.53.PHE.N,NR:A.53.PHE,250.0,36428.82421875,Concentration,
251,1.0,1H,30.0,30.0,µM,Titration,8.470085556979452,39085.796875,,,A,85,ASP,H,404.0,"CO:A.85.ASP.N,H_5",SP:14-1,PK:14-1.4.50,NA:A.85.ASP.H,NR:A.85.ASP,251.0,39085.796875,Concentration,
252,2.0,15N,30.0,30.0,µM,Titration,116.70252183890275,39085.796875,,,A,85,ASP,N,404.0,"CO:A.85.ASP.N,H_5",SP:14-1,PK:14-1.4.50,NA:A.85.ASP.N,NR:A.85.ASP,252.0,39085.796875,Concentration,
253,1.0,1H,30.0,30.0,µM,Titration,9.048895868388161,19741.1484375,,,A,18,GLU,H,405.0,"CO:A.18.GLU.N,H_5",SP:14-1,PK:14-1.4.51,NA:A.18.GLU.H,NR:A.18.GLU,253.0,19741.1484375,Concentration,
254,2.0,15N,30.0,30.0,µM,Titration,116.70252183890275,19741.1484375,,,A,18,GLU,N,405.0,"CO:A.18.GLU.N,H_5",SP:14-1,PK:14-1.4.51,NA:A.18.GLU.N,NR:A.18.GLU,254.0,19741.1484375,Concentration,
255,1.0,1H,30.0,30.0,µM,Titration,7.922562289430672,38824.73828125,,,A,26,ASN,H,406.0,"CO:A.26.ASN.N,H_5",SP:14-1,PK:14-1.4.52,NA:A.26.ASN.H,NR:A.26.ASN,255.0,38824.73828125,Concentration,
256,2.0,15N,30.0,30.0,µM,Titration,116.55147892997124,38824.73828125,,,A,26,ASN,N,406.0,"CO:A.26.ASN.N,H_5",SP:14-1,PK:14-1.4.52,NA:A.26.ASN.N,NR:A.26.ASN,256.0,38824.73828125,Concentration,
257,1.0,1H,30.0,30.0,µM,Titration,6.4990017938038465,35517.48828125,,,A,137,GLN,H,407.0,"CO:A.137.GLN.N,H_5",SP:14-1,PK:14-1.4.53,NA:A.137.GLN.H,NR:A.137.GLN,257.0,35517.48828125,Concentration,
258,2.0,15N,30.0,30.0,µM,Titration,116.55147892997124,35517.48828125,,,A,137,GLN,N,407.0,"CO:A.137.GLN.N,H_5",SP:14-1,PK:14-1.4.53,NA:A.137.GLN.N,NR:A.137.GLN,258.0,35517.48828125,Concentration,
259,1.0,1H,30.0,30.0,µM,Titration,8.540481405664295,30407.97265625,,,A,81,ASN,H,408.0,"CO:A.81.ASN.N,H_5",SP:14-1,PK:14-1.4.54,NA:A.81.ASN.H,NR:A.81.ASN,259.0,30407.97265625,Concentration,
260,2.0,15N,30.0,30.0,µM,Titration,115.79626438531365,30407.97265625,,,A,81,ASN,N,408.0,"CO:A.81.ASN.N,H_5",SP:14-1,PK:14-1.4.54,NA:A.81.ASN.N,NR:A.81.ASN,260.0,30407.97265625,Concentration,
261,1.0,1H,30.0,30.0,µM,Titration,9.494736243392168,12396.24609375,,,A,130,GLU,H,409.0,"CO:A.130.GLU.N,H_5",SP:14-1,PK:14-1.4.55,NA:A.130.GLU.H,NR:A.130.GLU,261.0,12396.24609375,Concentration,
262,2.0,15N,30.0,30.0,µM,Titration,115.79626438531365,12396.24609375,,,A,130,GLU,N,409.0,"CO:A.130.GLU.N,H_5",SP:14-1,PK:14-1.4.55,NA:A.130.GLU.N,NR:A.130.GLU,262.0,12396.24609375,Concentration,
263,1.0,1H,30.0,30.0,µM,Titration,7.007416256527713,33929.4609375,,,A,94,HIS,H,410.0,"CO:A.94.HIS.N,H_5",SP:14-1,PK:14-1.4.56,NA:A.94.HIS.H,NR:A.94.HIS,263.0,33929.4609375,Concentration,
264,2.0,15N,30.0,30.0,µM,Titration,115.04104984065606,33929.4609375,,,A,94,HIS,N,410.0,"CO:A.94.HIS.N,H_5",SP:14-1,PK:14-1.4.56,NA:A.94.HIS.N,NR:A.94.HIS,264.0,33929.4609375,Concentration,
265,1.0,1H,30.0,30.0,µM,Titration,9.236618131547743,19364.87109375,,,A,24,ASP,H,411.0,"CO:A.24.ASP.N,H_5",SP:14-1,PK:14-1.4.57,NA:A.24.ASP.H,NR:A.24.ASP,265.0,19364.87109375,Concentration,
266,2.0,15N,30.0,30.0,µM,Titration,113.6816636602724,19364.87109375,,,A,24,ASP,N,411.0,"CO:A.24.ASP.N,H_5",SP:14-1,PK:14-1.4.57,NA:A.24.ASP.N,NR:A.24.ASP,266.0,19364.87109375,Concentration,
267,1.0,1H,30.0,30.0,µM,Titration,8.149393357415168,26256.45703125,,,A,21,ASN,H,412.0,"CO:A.21.ASN.N,H_5",SP:14-1,PK:14-1.4.58,NA:A.21.ASN.H,NR:A.21.ASN,267.0,26256.45703125,Concentration,
268,2.0,15N,30.0,30.0,µM,Titration,113.53062075134089,26256.45703125,,,A,21,ASN,N,412.0,"CO:A.21.ASN.N,H_5",SP:14-1,PK:14-1.4.58,NA:A.21.ASN.N,NR:A.21.ASN,268.0,26256.45703125,Concentration,
269,1.0,1H,30.0,30.0,µM,Titration,8.391867947329626,34970.32421875,,,A,71,GLY,H,413.0,"CO:A.71.GLY.N,H_5",SP:14-1,PK:14-1.4.59,NA:A.71.GLY.H,NR:A.71.GLY,269.0,34970.32421875,Concentration,
270,2.0,15N,30.0,30.0,µM,Titration,112.7754062066833,34970.32421875,,,A,71,GLY,N,413.0,"CO:A.71.GLY.N,H_5",SP:14-1,PK:14-1.4.59,NA:A.71.GLY.N,NR:A.71.GLY,270.0,34970.32421875,Concentration,
271,1.0,1H,30.0,30.0,µM,Titration,7.7583053091660386,28253.46875,,,A,136,SER,H,414.0,"CO:A.136.SER.N,H_5",SP:14-1,PK:14-1.4.60,NA:A.136.SER.H,NR:A.136.SER,271.0,28253.46875,Concentration,
272,2.0,15N,30.0,30.0,µM,Titration,112.62436329775178,28253.46875,,,A,136,SER,N,414.0,"CO:A.136.SER.N,H_5",SP:14-1,PK:14-1.4.60,NA:A.136.SER.N,NR:A.136.SER,272.0,28253.46875,Concentration,
273,1.0,1H,30.0,30.0,µM,Titration,8.118106313555238,48072.71875,,,A,60,THR,H,415.0,"CO:A.60.THR.N,H_5",SP:14-1,PK:14-1.4.61,NA:A.60.THR.H,NR:A.60.THR,273.0,48072.71875,Concentration,
274,2.0,15N,30.0,30.0,µM,Titration,112.02019166202572,48072.71875,,,A,60,THR,N,415.0,"CO:A.60.THR.N,H_5",SP:14-1,PK:14-1.4.61,NA:A.60.THR.N,NR:A.60.THR,274.0,48072.71875,Concentration,
275,1.0,1H,30.0,30.0,µM,Titration,8.227610967064994,29382.28125,,,A,142,GLY,H,416.0,"CO:A.142.GLY.N,H_5",SP:14-1,PK:14-1.4.62,NA:A.142.GLY.H,NR:A.142.GLY,275.0,29382.28125,Concentration,
276,2.0,15N,30.0,30.0,µM,Titration,111.86914875309421,29382.28125,,,A,142,GLY,N,416.0,"CO:A.142.GLY.N,H_5",SP:14-1,PK:14-1.4.62,NA:A.142.GLY.N,NR:A.142.GLY,276.0,29382.28125,Concentration,
277,1.0,1H,30.0,30.0,µM,Titration,8.931569453913422,42835.90625,,,A,83,THR,H,417.0,"CO:A.83.THR.N,H_5",SP:14-1,PK:14-1.4.63,NA:A.83.THR.H,NR:A.83.THR,277.0,42835.90625,Concentration,
278,2.0,15N,30.0,30.0,µM,Titration,111.7181058441627,42835.90625,,,A,83,THR,N,417.0,"CO:A.83.THR.N,H_5",SP:14-1,PK:14-1.4.63,NA:A.83.THR.N,NR:A.83.THR,278.0,42835.90625,Concentration,
279,1.0,1H,30.0,30.0,µM,Titration,6.694545817928411,60172.6328125,,,A,58,GLU,H,418.0,"CO:A.58.GLU.N,H_5",SP:14-1,PK:14-1.4.64,NA:A.58.GLU.H,NR:A.58.GLU,279.0,60172.6328125,Concentration,
280,2.0,15N,30.0,30.0,µM,Titration,110.81184839057357,60172.6328125,,,A,58,GLU,N,418.0,"CO:A.58.GLU.N,H_5",SP:14-1,PK:14-1.4.64,NA:A.58.GLU.N,NR:A.58.GLU,280.0,60172.6328125,Concentration,
281,1.0,1H,30.0,30.0,µM,Titration,8.3136503376798,42103.02734375,,,A,63,GLY,H,419.0,"CO:A.63.GLY.N,H_5",SP:14-1,PK:14-1.4.65,NA:A.63.GLY.H,NR:A.63.GLY,281.0,42103.02734375,Concentration,
282,2.0,15N,30.0,30.0,µM,Titration,108.99933348339538,42103.02734375,,,A,63,GLY,N,419.0,"CO:A.63.GLY.N,H_5",SP:14-1,PK:14-1.4.65,NA:A.63.GLY.N,NR:A.63.GLY,282.0,42103.02734375,Concentration,
283,1.0,1H,30.0,30.0,µM,Titration,7.91474052846569,26921.12890625,,,A,27,HIS,H,420.0,"CO:A.27.HIS.N,H_5",SP:14-1,PK:14-1.4.66,NA:A.27.HIS.H,NR:A.27.HIS,283.0,26921.12890625,Concentration,
284,2.0,15N,30.0,30.0,µM,Titration,108.54620475660082,26921.12890625,,,A,27,HIS,N,420.0,"CO:A.27.HIS.N,H_5",SP:14-1,PK:14-1.4.66,NA:A.27.HIS.N,NR:A.27.HIS,284.0,26921.12890625,Concentration,
285,1.0,1H,30.0,30.0,µM,Titration,7.27335612933712,25622.96484375,,,A,143,THR,H,421.0,"CO:A.143.THR.N,H_5",SP:14-1,PK:14-1.4.67,NA:A.143.THR.H,NR:A.143.THR,285.0,25622.96484375,Concentration,
286,2.0,15N,30.0,30.0,µM,Titration,107.63994730301172,25622.96484375,,,A,143,THR,N,421.0,"CO:A.143.THR.N,H_5",SP:14-1,PK:14-1.4.67,NA:A.143.THR.N,NR:A.143.THR,286.0,25622.96484375,Concentration,
287,1.0,1H,30.0,30.0,µM,Titration,7.742661787236074,41410.6796875,,,A,95,GLY,H,422.0,"CO:A.95.GLY.N,H_5",SP:14-1,PK:14-1.4.68,NA:A.95.GLY.H,NR:A.95.GLY,287.0,41410.6796875,Concentration,
288,2.0,15N,30.0,30.0,µM,Titration,105.52534657797048,41410.6796875,,,A,95,GLY,N,422.0,"CO:A.95.GLY.N,H_5",SP:14-1,PK:14-1.4.68,NA:A.95.GLY.N,NR:A.95.GLY,288.0,41410.6796875,Concentration,
289,1.0,1H,30.0,30.0,µM,Titration,8.039888703905412,24171.69140625,,,A,132,GLY,H,423.0,"CO:A.132.GLY.N,H_5",SP:14-1,PK:14-1.4.69,NA:A.132.GLY.H,NR:A.132.GLY,289.0,24171.69140625,Concentration,
290,2.0,15N,30.0,30.0,µM,Titration,105.22326076010745,24171.69140625,,,A,132,GLY,N,423.0,"CO:A.132.GLY.N,H_5",SP:14-1,PK:14-1.4.69,NA:A.132.GLY.N,NR:A.132.GLY,290.0,24171.69140625,Concentration,
291,1.0,1H,30.0,30.0,µM,Titration,7.249890846442173,24169.828125,,,A,28,GLY,H,424.0,"CO:A.28.GLY.N,H_5",SP:14-1,PK:14-1.4.70,NA:A.28.GLY.H,NR:A.28.GLY,291.0,24169.828125,Concentration,
292,2.0,15N,30.0,30.0,µM,Titration,103.86387457972378,24169.828125,,,A,28,GLY,N,424.0,"CO:A.28.GLY.N,H_5",SP:14-1,PK:14-1.4.70,NA:A.28.GLY.N,NR:A.28.GLY,292.0,24169.828125,Concentration,
293,1.0,1H,30.0,30.0,µM,Titration,9.033252346458196,10169.79296875,,,A,17,LYS,H,425.0,"CO:A.17.LYS.N,H",SP:14-1,PK:14-1.4.71,NA:A.17.LYS.H,NR:A.17.LYS,293.0,10169.79296875,Concentration,
294,2.0,15N,30.0,30.0,µM,Titration,131.65576982312297,10169.79296875,,,A,17,LYS,N,425.0,"CO:A.17.LYS.N,H",SP:14-1,PK:14-1.4.71,NA:A.17.LYS.N,NR:A.17.LYS,294.0,10169.79296875,Concentration,
295,1.0,1H,30.0,30.0,µM,Titration,9.142756999967952,21659.28515625,,,A,73,ILE,H,426.0,"CO:A.73.ILE.N,H",SP:14-1,PK:14-1.4.72,NA:A.73.ILE.H,NR:A.73.ILE,295.0,21659.28515625,Concentration,
296,2.0,15N,30.0,30.0,µM,Titration,120.78068038005372,21659.28515625,,,A,73,ILE,N,426.0,"CO:A.73.ILE.N,H",SP:14-1,PK:14-1.4.72,NA:A.73.ILE.N,NR:A.73.ILE,296.0,21659.28515625,Concentration,
297,1.0,1H,30.0,30.0,µM,Titration,9.080182912248091,8564.90234375,,,A,61,ASP,H,427.0,"CO:A.61.ASP.N,H",SP:14-1,PK:14-1.4.73,NA:A.61.ASP.H,NR:A.61.ASP,297.0,8564.90234375,Concentration,
298,2.0,15N,30.0,30.0,µM,Titration,122.14006656043738,8564.90234375,,,A,61,ASP,N,427.0,"CO:A.61.ASP.N,H",SP:14-1,PK:14-1.4.73,NA:A.61.ASP.N,NR:A.61.ASP,298.0,8564.90234375,Concentration,
299,1.0,1H,30.0,30.0,µM,Titration,9.330479263127533,10482.9296875,,,A,139,ASN,H,428.0,"CO:A.139.ASN.N,H",SP:14-1,PK:14-1.4.74,NA:A.139.ASN.H,NR:A.139.ASN,299.0,10482.9296875,Concentration,
300,2.0,15N,30.0,30.0,µM,Titration,116.85356474783427,10482.9296875,,,A,139,ASN,N,428.0,"CO:A.139.ASN.N,H",SP:14-1,PK:14-1.4.74,NA:A.139.ASN.N,NR:A.139.ASN,300.0,10482.9296875,Concentration,
301,1.0,1H,30.0,30.0,µM,Titration,7.992958138115516,25483.70703125,,,A,140,GLY,H,429.0,"CO:A.140.GLY.N,H",SP:14-1,PK:14-1.4.75,NA:A.140.GLY.H,NR:A.140.GLY,301.0,25483.70703125,Concentration,
302,2.0,15N,30.0,30.0,µM,Titration,106.73368984942262,25483.70703125,,,A,140,GLY,N,429.0,"CO:A.140.GLY.N,H",SP:14-1,PK:14-1.4.75,NA:A.140.GLY.N,NR:A.140.GLY,302.0,25483.70703125,Concentration,
303,1.0,1H,30.0,30.0,µM,Titration,6.827515754333114,42404.3203125,,,A,91,ALA,H,430.0,"CO:A.91.ALA.N,H",SP:14-1,PK:14-1.4.76,NA:A.91.ALA.H,NR:A.91.ALA,303.0,42404.3203125,Concentration,
304,2.0,15N,30.0,30.0,µM,Titration,121.23380910684827,42404.3203125,,,A,91,ALA,N,430.0,"CO:A.91.ALA.N,H",SP:14-1,PK:14-1.4.76,NA:A.91.ALA.N,NR:A.91.ALA,304.0,42404.3203125,Concentration,
